{"text": " . . . .", "segments": [{"id": 0, "seek": 0, "start": 0.0, "end": 10.0, "text": " .", "tokens": [50364, 2411, 50864], "temperature": 0.0, "avg_logprob": -0.8356640679495675, "compression_ratio": 0.5833333333333334, "no_speech_prob": 0.686423659324646}, {"id": 1, "seek": 0, "start": 10.0, "end": 20.0, "text": " .", "tokens": [50864, 2411, 51364], "temperature": 0.0, "avg_logprob": -0.8356640679495675, "compression_ratio": 0.5833333333333334, "no_speech_prob": 0.686423659324646}, {"id": 2, "seek": 0, "start": 20.0, "end": 26.0, "text": " .", "tokens": [51364, 2411, 51664], "temperature": 0.0, "avg_logprob": -0.8356640679495675, "compression_ratio": 0.5833333333333334, "no_speech_prob": 0.686423659324646}, {"id": 3, "seek": 0, "start": 26.0, "end": 29.0, "text": " .", "tokens": [51664, 2411, 51814], "temperature": 0.0, "avg_logprob": -0.8356640679495675, "compression_ratio": 0.5833333333333334, "no_speech_prob": 0.686423659324646}], "language": "hi"}